employer,industry
DELOITTE CONSULTING LLP,Consulting
TECH MAHINDRA AMERICAS INC,IT
CAPGEMINI AMERICA INC,Consulting
IBM CORPORATION,IT
WIPRO LIMITED,IT
SYNTEL INC,IT
JPMORGAN CHASE & CO,Financial Services
ACCENTURE LLP,Consulting
INFOSYS LIMITED,IT
DELOITTE & TOUCHE LLP,Consulting
WAL-MART ASSOCIATES INC,Retail
MPHASIS CORPORATION,IT
APPLE INC,IT
MICROSOFT CORPORATION,IT
QUALCOMM TECHNOLOGIES INC,Semiconductor
IBM INDIA PRIVATE LIMITED,IT
SALESFORCE COM INC,IT
PRICEWATERHOUSECOOPERS ADVISORY SE,Consulting
L&T TECH SVCS LTD,Consulting
COGNIZANT TECH SOLNS US CORP,IT
RANDSTAD TECHNOLOGIES LLC,Consulting
UBER TECHNOLOGIES INC,IT
MINDTREE LIMITED,IT
KFORCE INC,Consulting
ERNST & YOUNG US LLP,Consulting
AMAZON WEB SERVICES INC,IT
HCL AMERICA INC,IT
VMWARE INC,IT
TATA CONSULTANCY SVCS LTD,IT
LINKEDIN CORPORATION,IT
VIRTUSA CORPORATION,IT
PRICEWATERHOUSECOOPERS LLP,Consulting
LARSEN AND TOUBRO INFOTECH LTD,IT
SYNECHRON INC,Consulting
CAPITAL ONE SERVICES LLC,Financial Services
NTT DATA INC,IT
HEXAWARE TECHNOLOGIES INC,IT
KPMG LLP,Consulting
PAYPAL INC,IT
NVIDIA CORPORATION,Semiconductor
COMPUNNEL SOFTWARE GROUP INC,IT
BANK OF AMERICA NA,Financial Services
CUMMINS INC,Automotive
GOLDMAN SACHS & CO LLC,Financial Services
INFOSYS LTD,IT
OATH HOLDINGS INC,Communications
TESLA INC,Automotive
CGI TECHNOLOGIES AND SOLUTIONS INC,IT
CISCO SYSTEMS INC,IT
POLARIS CONSULTING & SERVICES LTD,IT
BLOOMBERG LP,Communications
COMCAST CABLE COMMUNICATIONS LLC,Communications
EBAY INC,IT
INTEL CORPORATION,Semiconductor
ORACLE AMERICA INC,IT
UST GLOBAL INC,IT
INTUIT INC,IT
MCKINSEY & COMPANY INC US,Consulting
POPULUS GROUP LLC,Consulting
EPAM SYSTEMS INC,IT
ADOBE SYSTEMS INCORPORATED,IT
ANTHEM INC,Healthcare
CERNER CORPORATION,Healthcare
VISA TECHNOLOGY OPERATIONS LLC,Financial Services
MARLABS INC,IT
NIIT TECHNOLOGIES LIMITED,IT
WAYFAIR LLC,IT
HCL GLOBAL SYSTEMS INC,IT
FIDELITY INVESTMENTS,Financial Services
HEWLETT PACKARD ENTERPRISE COMPANY,IT
THE MATHWORKS INC,IT
AMERICAN EXPRESS TRAVEL RELATED SV,Financial Services
MORGAN STANLEY SERVICES GROUP INC,Financial Services
EXPEDIA INC,IT
MICRON TECHNOLOGY INC,Semiconductor
T MOBILE USA INC,Communications
SAP AMERICA INC,IT
JUNIPER NETWORKS INC,IT
ERP ANALYSTS INC,IT
UNIV OF MICHIGAN,University
MASTECH DIGITAL TECHNOLOGIES INC A,IT
CITIUSTECH INC,Healthcare
AIRBNB INC,IT
NATSOFT CORPORATION,IT
OPTUM SERVICES INC,Healthcare
THE LELAND STANFORD JR UNIV,University
MANAGEMENT HLTH SYS LLC DBA MEDPRO,Healthcare
DELOITTE TAX LLP,Consulting
NTT DATA SERVICES LLC,IT
GOLDMAN SACHS SERVICES LLC,Financial Services
CLEVELAND CLINIC FOUNDATION,Healthcare
V-SOFT CONSULTING GROUP INC,IT
COX AUTOMOTIVE CORPORATE SVCS LLC,Automotive
PROKARMA INC,IT
EXLSERVICE.COM LLC,Consulting
SERVICENOW INC,IT
A2Z DEVELOPMENT CENTER INC D B A,IT
MAYO CLINIC,Healthcare
BARCLAYS SERVICES CORP,Financial Services
GENERAL MOTORS COMPANY,Automotive
SYNOPSYS INC,IT
THE BOSTON CONSULTING GROUP INC,Consulting
HEADSTRONG SERVICES LLC,IT
HITACHI CONSULTING CORPORATION,Consulting
ZS ASSOCIATES INC,Consulting
VISA U S A INC,Financial Services
FEDEX CORPORATE SERVICES INC,Retail
JOHNS HOPKINS UNIVERSITY,University
BIRLASOFT INC,IT
STATE STREET BANK & TRUST COMPANY,Financial Services
ADP TECHNOLOGY SERVICES INC,Consulting
ZENSAR TECHNOLOGIES INC,IT
ADVANCED MICRO DEVICES INC,Semiconductor
COLUMBIA UNIVERSITY,University
BOFAML SECURITIES INC,Financial Services
NOKIA OF AMERICA CORPORATION,IT
CADENCE DESIGN SYSTEMS INC,IT
COMPUTER SCIENCES CORPORATION,IT
COLLABORATE SOLUTIONS INC,IT
SAPIENT CORPORATION,IT
NUTANIX INC,IT
AVCO CONSULTING INC,IT
GLOBALLOGIC INC,IT
SYMANTEC CORPORATION,IT
CAREMARK LLC,Healthcare
HTC GLOBAL SERVICES INC,IT
PALO ALTO NETWORKS INC,IT
RELIABLE SOFTWARE RESOURCES INC,IT
IRIS SOFTWARE INC,IT
APPLIED MATERIALS INC,Semiconductor
FORD MOTOR COMPANY,Automotive
UNIV OF PENNSYLVANIA,University
CSC COVANSYS CORPORATION,IT
DALLAS INDEPENDENT SCHOOL DISTRICT,Education
AMAZON.COM SERVICES INC,IT
CITIBANK N A,Financial Services
NETAPP INC,IT
AMERICAN AIRLINES INC,Airlines
PHOTON INFOTECH INC,IT
PIONEER CONSULTING SERVICES LLC,IT
QUEST GLOBAL SERVICES-NA INC,Aerospace
CHARTER COMMUNICATIONS INC,Communications
PERSISTENT SYSTEMS INC,IT
TARGET ENTERPRISE INC,Manufacturing
ERICSSON INC,Communications
UNIV OF CALIFORNIA SAN FRANCISCO,University
SAP LABS LLC,IT
TWITTER INC,IT
AMGEN INC,Biotechnology
DELL USA LP,IT
SLK AMERICA INC,IT
YASH TECHNOLOGIES INC,IT
BLACKROCK FINANCIAL MANAGEMENT INC,Financial Services
NIKE INC,Apparel
UNIVERSITY OF PITTSBURGH,University
NISUM TECHNOLOGIES INC,IT
SYNAPSIS INC,IT
THE UNIVERSITY OF CHICAGO,University
CHARLES SCHWAB COMPANY INC,Financial Services
COLLABERA INC,IT
US BANK NATIONAL ASSOCIATION,Financial Services
VEDICSOFT SOLUTIONS LLC,IT
AKAMAI TECHNOLOGIES INC,IT
FUJITSU AMERICA INC,IT
GLOBALFOUNDRIES US INC,Semiconductor
GENPACT LLC,IT
3I INFOTECH INC,IT
MIRACLE SOFTWARE SYSTEMS INC,IT
AUTODESK INC,IT
DIVERSANT LLC,IT
LYFT INC,IT
MEDTRONIC INC,Healthcare
MERRILL LYNCH,Financial Services
UT SOUTHWESTERN MEDICAL CENTER,Healthcare
WORKDAY INC,Consulting
ICAHN SCH OF MEDICINE AT MOUNT SIN,Healthcare
MEMORIAL SLOAN KETTERING CANCER CT,Healthcare
NAGARRO INC,IT
UNIVERSITY OF FLORIDA,University
INTRAEDGE INC,IT
QUALCOMM ATHEROS INC,Semiconductor
UBS BUSINESS SOLUTIONS US LLC,Financial Services
UNIVERSITY OF WISCONSIN MADISON,University
WASHINGTON UNIVERSITY IN ST LOUIS,University
HARVARD UNIV,University
KPIT INFOSYSTEMS INC,IT
INTONE NETWORKS INC,IT
UNIV OF ALABAMA AT BIRMINGHAM,University
XORIANT CORPORATION,IT
SPRINT CORPORATION,Communications
FCA US LLC,Automotive
NTL INSTITUTES OF HEALTH/HHS,Healthcare
YALE UNIVERSITY,University
AECOM TECHNICAL SERVICES INC,Consulting
BAYLOR COLLEGE OF MEDICINE,Healthcare
UNIV OF MINNESOTA,University
ZILLOW INC,IT
SONY INTERACTIVE ENTERTAINMENT LLC,Entertainment
EMC CORPORATION,IT
VALUEMOMENTUM INC,IT
SAMSUNG AUSTIN SEMICONDUCTOR L L C,Semiconductor
THE UNIVERSITY OF IOWA,University
FIS MANAGEMENT SERVICES LLC,Financial Services
NORTHWESTERN UNIVERSITY,University
SLALOM LLC,Consulting
UNIVERSITY OF VIRGINIA,University
DFS CORPORATE SERVICES LLC,Unknown
DISCOVER PRODUCTS INC,Financial Services
ORION SYSTEMS INTEGRATORS LLC,IT
AT&T SERVICES INC,Communications
MASTERCARD INTL INC,Financial Services
NETFLIX INC,Entertainment
UNIVERSITY OF CALIFORNIA LA,University
UT BATTELLE LLC ORNL,Research
UNIVERSITY OF SOUTHERN CALIFORNIA,University
"VERIDIC SOLUTIONS, LLC",IT
APTIV CORPORATION,Automotive
EXPERIS US INC,Consulting
TECHNOSOFT CORPORATION,IT
EMORY UNIV,University
GOOGLE LLC,IT
HOME DEPOT PRODUCT AUTHORITY LLC,Retail
IDEXCEL INC,IT
MANHATTAN ASSOCIATES INC,Consulting
CITIBANK NA,Financial Services
CYIENT INC,IT
DUKE UNIVERSITY UNIV MED CTR & AFF,University
I5 TECH INC,Consulting
CREDIT SUISSE SECURITIES USA LLC,Financial Services
PURDUE UNIV,University
PINTEREST INC,IT
SYSTEM SOFT TECHNOLOGIES LLC,IT
ALTAIR PRODUCTDESIGN INC,IT
THE OHIO STATE UNIVERSITY,University
EPIC SYSTEMS CORPORATION,IT
PRINCIPLE INFORMATION TECH COMPANY,IT
SYSTEMS TECHNOLOGY GROUP INC,IT
VENTOIS INC,IT
GILEAD SCIENCES INC,Biotechnology
MARVELL SEMICONDUCTOR INC,Semiconductor
XAVIENT DIGITAL LLC,IT
ASML US LP,Semiconductor
CIBER GLOBAL LLC,IT
GENERAL HOSP CORP D/B/A MASS GENER,Healthcare
NORDSTROM INC,Retail
TAVANT TECHNOLOGIES INC,IT
"SRS CONSULTING, INC.",IT
TRW AUTOMOTIVE INC,Automotive
ASTIR IT SOLNS INC,IT
CYBERTHINK INC,IT
FIRST TEK INC,Consulting
AETNA RESOURCES LLC,Healthcare
DELOITTE TRANSACTIONS & BUS ANALYT,Consulting
TRANSUNION LLC,IT
UNIVERSITY OF MARYLAND,University
FORTINET INC,IT
MCKESSON CORPORATION,Healthcare
UNIVERSITY OF CALIFORNIA DAVIS,University
ASURION LLC,IT
MORGAN STANLEY & CO LLC,Financial Services
PERFICIENT INC,Consulting
ROCKWELL COLLINS INC,Aerospace
THE PENNSYLVANIA STATE UNIVERSITY,University
UNIVERSITY OF CALIFORNIA SAN DIEGO,University
CITRIX SYSTEMS INC,IT
DB GLOBAL TECHNOLOGY INC,IT
E GIANTS TECHNOLOGIES LLC,IT
MASSACHUSETTS INSTITUTE OF TECHNOL,University
THE UNIVERSITY OF MASSACHUSETTS BO,University
ARIBA INC,Consulting
CIGNITI TECHNOLOGIES INC,IT
GENERAL ELECTRIC COMPANY,Manufacturing
UNIVERSITY OF UTAH,University
WE WORK MANAGEMENT LLC,IT
ROBERT BOSCH LLC,Automotive
HENRY FORD HEALTH SYSTEMS,Healthcare
MOODYS ANALYTICS INC,Financial Services
SNAP INC,IT
SQUARE INC,Financial Services
YELP INC,IT
ITC INFOTECH USA INC,IT
ITECH US INC,IT
ST JUDE CHILDREN S RESEARCH HOSP,Healthcare
TERADATA OPERATIONS INC,IT
TEXAS INSTRUMENTS INCORPORATED,Semiconductor
KJ INFO LLC,IT
SAIBERSYS INC,IT
UNIVERSITY OF CALIFORNIA BERKELEY,University
XILINX INC,Semiconductor
A2Z DEVELOPMENT CENTER INC,IT
BRILLIO LLC,IT
EPITEC INC,IT
FRIENDLY CONSULTANTS INC,IT
GROUPON INC,IT
MUFG UNION BANK NA,Financial Services
ARIZONA STATE UNIVERSITY,University
INFINITE COMPUTER SOLUTIONS INC,IT
TEXAS A&M UNIVERSITY,University
DANA FARBER CANCER INSTITUTE,Healthcare
ECLINICALWORKS LLC,Healthcare
GRANDISON MANAGEMENT INC,Healthcare
IQVIA INC,IT
SCHLUMBERGER TECHNOLOGY CORP,Energy
VERIZON DATA SERVICES LLC,Communications
INDEED INC,IT
"SAMSUNG RESEARCH AMERICA, INC.",IT
THE TRUSTEES OF PRINCETON UNIVERSI,University
WESTERN DIGITAL TECHNOLOGIES INC,IT
BROADCOM CORPORATION,Semiconductor
LUSSOTECH LLC,IT
UNIV OF IL AT URBANA CHAMPAIGN,University
CATERPILLAR INC,Manufacturing
STARBUCKS COFFEE COMPANY,Restaurant
UNIVERSITY OF WASHINGTON,University
KLA TENCOR CORPORATION,Semiconductor
STAPLES INC,Retail
ADECCO GROUP NA MODIS INC,Consulting
CVS PHARMACY INC,Healthcare
DATA INC,Consulting
DB USA CORE CORPORATION,Financial Services
ADS ALLIANCE DATA SYSTEMS INC,Marketing
COOLSOFT LLC,IT
ARICENT TECHNOLOGIES LTD,IT
SAMSUNG SEMICONDUCTOR INC,Semiconductor
TIBCO SOFTWARE INC,IT
FACEBOOK INC,IT
AVANI SYSTEMS INC,IT
ANTRA INC,IT
LATENTVIEW ANALYTICS CORPORATION,Consulting
BAIN & CO INC,Consulting
CLOUD BIG DATA TECHNOLOGIES LLC,IT
XTRACIT INC,IT
VSION TECHNOLOGIES INC,IT
ANIRA SOLUTIONS INC,Consulting
INFISYSTEMS LLC,IT
CONSULTADD INC,IT
JNIT TECHNOLOGIES INC,IT
SQA CONCEPTS INC,IT
FRACTAL ANALYTICS INC,IT
INFOBIZ SYSTEMS LLC,IT
DENKEN SOLUTIONS INC,IT
KELLY SERVICES INC,Consulting
INDIANA UNIVERSITY,University
RIVERVIEW LLP,Agriculture
SOLOMONS INTERNATIONAL LLC,IT
VINTECH SOLUTIONS INC,IT
BANK OF CHINA,Financial Services
DEUTSCHE BANK SECURITIES INC,Financial Services
GVA INFOTECH INC,IT
ALTIMETRIK CORP,IT
BATTELLE MEMORIAL INSTITUTE,Research
HUGHES NETWORK SYSTEMS LLC,Communications
NCR CORPORATION,IT
VYZER SOLUTIONS INC,IT
ARKA TECHNOLOGIES INC,IT
ELECTRONIC ARTS INC,IT
REMOTE TIGER INC,IT
UNIVERSITY OF KENTUCKY,University